model_type,n_estimators,event_type,count,avg_anomaly_score,avg_trust_score,min_trust_score,max_trust_score
IsolationForest,100,wired_congestion,164744,0.031347022026454806,0.8197866531457912,0.4501258375245249,0.9569751960674818
IsolationForest,100,satellite_handoff,21766,-0.13857621656832683,0.4055945197968765,0.17716864649984918,0.8544691627009825
IsolationForest,100,normal,407490,0.05095191285456199,0.8675740636454853,0.5311107409024778,1.0
IsolationForest,100,software_bug_satellite,5400,-0.030384874004349298,0.6693136164727639,0.2770301492657722,0.7666089496512258
IsolationForest,100,wired_config_failure,5400,-0.16394978492502488,0.3437458139032848,0.0,0.5298619310808853
